Effective Date,Institution,Nominal Amount ,Interest Rate,Tenure,Repayment Frequency,Frequency,Method
24/04/2023,FCB,120383.84,0.18,3, Bullet (P+I) ,0,straight_line
02/03/2023,ZIMNAT LIFE ASSURANCE ,50000,0.14,6, Monthly (P+I) ,12,reducing_balance
31/12/2022,Zimnat Life Assurance,20000,0.08,12, Annually(I) Principal rollover ,1,straight_line
31/12/2022,Grandre,100000,0.12,12, Quaterly (I+Bullet P) ,4,straight_line
23/04/2023,FCB,18429.93,1.5,12, Bullet (P+I) ,0,straight_line
17/12/2022,NURTURE,500000,0.2,12, Quaterly (I+Bullet P) ,4,straight_line
26/01/2023,NMB ,450000,0.18,12, Quaterly (I+Bullet P) ,4,straight_line
24/03/2023,DANDEMUTANDE,25000,0.06,12, Bullet (P+I) ,0,straight_line
