Asset ID,Acquisition Date,"
Life","
Book Value","
Net Value",Salvage Value,Method,Depreciation
CE-HRE-0039,15/11/2017,10,261,106.6,0,straight_line,
CE-HRE-0040,15/11/2017,10,261,106.6,0,straight_line,
CE-HRE-0041,15/11/2017,10,261,106.6,0,straight_line,
CE-HRE-0042,15/11/2017,10,261,106.6,0,straight_line,
CE-HRE-0043,15/11/2017,10,261,106.6,0,straight_line,
CE-HRE-0044,15/11/2017,10,261,106.6,0,straight_line,
CE-HRE-0045,15/11/2017,10,261,106.6,0,straight_line,
CE-HRE-0046,15/11/2017,10,261,106.6,0,straight_line,
CE-HRE-0047,15/11/2017,10,261,106.6,0,straight_line,
CE-HRE-0048,15/11/2017,10,261,106.6,0,straight_line,
CE-HRE-0049,15/11/2017,10,261,106.6,0,straight_line,
CE-HRE-0050,15/11/2017,10,261,106.6,0,straight_line,
CE-HRE-0051,15/11/2017,10,261,106.6,0,straight_line,
CE-HRE-0052,15/11/2017,10,261,106.6,0,straight_line,
CE-HRE-0053,15/11/2017,10,261,106.6,0,straight_line,
CE-HRE-0070,01/12/2018,5,1323,44.08,0,straight_line,
CE-HRE-0071,01/12/2018,5,28674,955.82,0,straight_line,
CE-HRE-0075,01/04/2019,5,3684,368.37,0,straight_line,
CE-HRE-0077,18/07/2019,5,3179,529.83,0,straight_line,
CE-HRE-0081,28/02/2020,5,1239,351.16,0,straight_line,
CE-HRE-0085,17/03/2020,5,522,148.02,0,straight_line,
CE-HRE-0086,04/06/2020,5,915,305,0,straight_line,
CE-HRE-0087,04/03/2020,5,945,267.74,0,straight_line,
CE-HRE-0089,24/02/2022,5,873,596.75,0,straight_line,
CE-HRE-0090,24/02/2022,5,636,434.32,0,straight_line,
CE-HRE-0091,24/03/2022,5,570,398.79,0,straight_line,
CE-HRE-0092,07/04/2022,5,565,395.61,0,straight_line,
CE-HRE-0093,07/04/2022,5,565,395.61,0,straight_line,
CE-HRE-0094,07/04/2022,5,565,395.61,0,straight_line,
CE-HRE-0095,07/04/2022,5,565,395.61,0,straight_line,
CE-HRE-0096,07/04/2022,5,565,395.61,0,straight_line,
CE-HRE-0097,07/04/2022,5,565,395.61,0,straight_line,
CE-HRE-0098,07/04/2022,5,565,395.61,0,straight_line,
CE-HRE-0100,14/02/2023,5,1615,1399.8,0,straight_line,
CE-HRE-0101,01/06/2023,5,445,415.28,0,straight_line,
CE-HRE-0102,06/06/2023,5,112,104.93,0,straight_line,
CE-HRE-0103,06/06/2023,5,112,104.93,0,straight_line,
CE-HRE-0104,06/06/2023,5,112,104.93,0,straight_line,
CE-HRE-0105,06/06/2023,5,112,104.93,0,straight_line,
CE-HRE-0106,06/06/2023,5,112,104.93,0,straight_line,
CE-HRE-0107,06/06/2023,5,112,104.93,0,straight_line,
CE-HRE-0108,06/06/2023,5,112,104.93,0,straight_line,
CE-HRE-0109,06/06/2023,5,112,104.93,0,straight_line,
CE-HRE-0110,04/01/2023,5,1431,1216.07,0,straight_line,
CE-HRE-0111,14/02/2023,5,978,847.24,0,straight_line,
CE-HRE-0112,06/07/2023,5,1692,1607.87,0,straight_line,
CE-ZFX-0003,02/09/2019,5,971,178.02,0,straight_line,
CE-ZFX-0004,02/09/2019,5,971,178.02,0,straight_line,
CE-ZFX-0006,02/10/2019,5,211,42.28,0,straight_line,
CE-ZFX-0007,29/11/2019,5,629,146.85,0,straight_line,
CS-HRE-0003,01/01/2019,5,8737,436.84,0,straight_line,
CS-HRE-0004,31/12/2019,5,159,39.65,0,straight_line,
CS-HRE-0005,31/01/2019,5,19464,1297.62,0,straight_line,
CS-ZFX-0002,04/12/2019,5,2188,510.44,0,straight_line,
EL-BYO-0036,08/08/2023,3,2171,2050.59,0,straight_line,
EL-HRE-0007,05/01/2016,10,316,71.07,0,straight_line,
EL-HRE-0017,08/05/2017,10,470,168.42,0,straight_line,
EL-HRE-0032,01/09/2019,10,196,116.07,0,straight_line,
EL-HRE-0037,23/03/2023,3,88,73.6,0,straight_line,
EL-HRE-0038,08/08/2023,3,2171,2050.59,0,straight_line,
FF-BYO-0057,03/05/2016,10,84,21.78,0,straight_line,
FF-BYO-0058,03/05/2016,10,84,21.78,0,straight_line,
FF-BYO-0059,03/05/2016,10,84,21.78,0,straight_line,
FF-BYO-0060,03/05/2016,10,378,97.76,0,straight_line,
FF-BYO-0061,03/05/2016,10,179,46.14,0,straight_line,
FF-BYO-0062,03/05/2016,10,179,46.14,0,straight_line,
FF-BYO-0063,03/05/2016,10,179,46.14,0,straight_line,
FF-BYO-0064,03/05/2016,10,179,46.14,0,straight_line,
FF-BYO-0065,03/05/2016,10,179,46.14,0,straight_line,
FF-BYO-0066,03/05/2016,10,179,46.14,0,straight_line,
FF-BYO-0067,03/05/2016,10,179,46.14,0,straight_line,
FF-BYO-0068,03/05/2016,10,179,46.14,0,straight_line,
FF-BYO-0069,03/05/2016,10,179,46.14,0,straight_line,
FF-BYO-0070,03/05/2016,10,185,47.85,0,straight_line,
FF-BYO-0075,26/05/2016,10,2353,627.39,0,straight_line,
FF-BYO-0146,08/11/2018,10,1260,640.5,0,straight_line,
FF-HRE-0001,17/09/2015,10,377,72.21,0,straight_line,
FF-HRE-0002,17/09/2015,10,377,72.21,0,straight_line,
FF-HRE-0003,17/09/2015,10,377,72.21,0,straight_line,
FF-HRE-0004,17/09/2015,10,283,54.16,0,straight_line,
FF-HRE-0005,17/09/2015,10,283,54.16,0,straight_line,
FF-HRE-0006,17/09/2015,10,283,54.16,0,straight_line,
FF-HRE-0007,17/09/2015,10,283,54.16,0,straight_line,
FF-HRE-0008,17/09/2015,10,283,54.16,0,straight_line,
FF-HRE-0009,17/09/2015,10,283,54.16,0,straight_line,
FF-HRE-0010,17/09/2015,10,283,54.16,0,straight_line,
FF-HRE-0011,17/09/2015,10,283,54.16,0,straight_line,
FF-HRE-0012,17/09/2015,10,178,34.1,0,straight_line,
FF-HRE-0013,17/09/2015,10,178,34.1,0,straight_line,
FF-HRE-0014,17/09/2015,10,178,34.1,0,straight_line,
FF-HRE-0015,17/09/2015,10,178,34.1,0,straight_line,
FF-HRE-0016,17/09/2015,10,178,34.1,0,straight_line,
FF-HRE-0017,17/09/2015,10,178,34.1,0,straight_line,
FF-HRE-0018,17/09/2015,10,158,30.35,0,straight_line,
FF-HRE-0019,17/09/2015,10,158,30.35,0,straight_line,
FF-HRE-0020,17/09/2015,10,158,30.35,0,straight_line,
FF-HRE-0021,17/09/2015,10,158,30.35,0,straight_line,
FF-HRE-0022,17/09/2015,10,242,46.39,0,straight_line,
FF-HRE-0023,17/09/2015,10,242,46.39,0,straight_line,
FF-HRE-0024,01/09/2015,10,380,72.83,0,straight_line,
FF-HRE-0025,01/09/2015,10,370,70.92,0,straight_line,
FF-HRE-0026,01/09/2015,10,370,70.92,0,straight_line,
FF-HRE-0027,01/09/2015,10,630,120.75,0,straight_line,
FF-HRE-0028,01/09/2015,10,630,120.75,0,straight_line,
FF-HRE-0029,01/09/2015,10,630,120.75,0,straight_line,
FF-HRE-0030,01/09/2015,10,630,120.75,0,straight_line,
FF-HRE-0031,01/09/2015,10,110,21.08,0,straight_line,
FF-HRE-0032,01/10/2015,10,5517,1103.4,0,straight_line,
FF-HRE-0033,01/10/2015,10,2650,529.9,0,straight_line,
FF-HRE-0034,01/10/2015,10,1960,392,0,straight_line,
FF-HRE-0035,01/10/2015,10,2310,462,0,straight_line,
FF-HRE-0036,01/10/2015,10,2840,568,0,straight_line,
FF-HRE-0037,01/10/2015,10,480,96,0,straight_line,
FF-HRE-0041,01/10/2015,10,1950,390,0,straight_line,
FF-HRE-0042,01/10/2015,10,330,66,0,straight_line,
FF-HRE-0043,01/10/2015,10,1330,266,0,straight_line,
FF-HRE-0045,01/10/2015,10,920,184,0,straight_line,
FF-HRE-0050,02/11/2015,10,9281,1933.44,0,straight_line,
FF-HRE-0051,28/12/2015,10,590,132.75,0,straight_line,
FF-HRE-0052,28/12/2015,10,590,132.75,0,straight_line,
FF-HRE-0054,13/01/2016,10,178,40.03,0,straight_line,
FF-HRE-0055,08/01/2016,10,178,40.03,0,straight_line,
FF-HRE-0071,08/06/2016,10,299,79.73,0,straight_line,
FF-HRE-0072,08/06/2016,10,245,65.33,0,straight_line,
FF-HRE-0073,08/06/2016,10,120,32,0,straight_line,
FF-HRE-0074,08/06/2016,10,120,32,0,straight_line,
FF-HRE-0076,10/10/2016,10,1565,469.5,0,straight_line,
FF-HRE-0086,05/05/2017,10,1055,378.04,0,straight_line,
FF-HRE-0087,29/06/2017,10,2740,1027.5,0,straight_line,
FF-HRE-0088,27/04/2017,10,229,81.94,0,straight_line,
FF-HRE-0089,27/04/2017,10,457,163.87,0,straight_line,
FF-HRE-0090,27/04/2017,10,440,157.57,0,straight_line,
FF-HRE-0091,27/04/2017,10,304,108.75,0,straight_line,
FF-HRE-0092,22/05/2017,10,12547,4600.38,0,straight_line,
FF-HRE-0093,27/04/2017,10,229,81.94,0,straight_line,
FF-HRE-0094,27/04/2017,10,229,81.94,0,straight_line,
FF-HRE-0095,27/04/2017,10,229,81.94,0,straight_line,
FF-HRE-0096,27/04/2017,10,229,81.94,0,straight_line,
FF-HRE-0097,27/04/2017,10,229,81.94,0,straight_line,
FF-HRE-0098,27/04/2017,10,229,81.94,0,straight_line,
FF-HRE-0099,27/04/2017,10,229,81.94,0,straight_line,
FF-HRE-0100,27/04/2017,10,229,81.94,0,straight_line,
FF-HRE-0101,27/04/2017,10,229,81.94,0,straight_line,
FF-HRE-0102,27/04/2017,10,229,81.94,0,straight_line,
FF-HRE-0103,27/04/2017,10,229,81.94,0,straight_line,
FF-HRE-0104,27/04/2017,10,229,81.94,0,straight_line,
FF-HRE-0105,27/04/2017,10,229,81.94,0,straight_line,
FF-HRE-0107,27/04/2017,10,440,157.57,0,straight_line,
FF-HRE-0108,13/05/2017,10,740,265.17,0,straight_line,
FF-HRE-0109,13/05/2017,10,675,241.88,0,straight_line,
FF-HRE-0110,20/11/2017,10,538,224,0,straight_line,
FF-HRE-0111,20/11/2017,10,211,87.75,0,straight_line,
FF-HRE-0112,20/07/2017,10,580,222.33,0,straight_line,
FF-HRE-0113,20/07/2017,10,180,69,0,straight_line,
FF-HRE-0114,17/07/2017,10,1560,585,0,straight_line,
FF-HRE-0115,17/07/2017,10,715,268.13,0,straight_line,
FF-HRE-0116,17/07/2017,10,1040,390,0,straight_line,
FF-HRE-0117,17/07/2017,10,3640,1365,0,straight_line,
FF-HRE-0118,17/07/2017,10,624,234,0,straight_line,
FF-HRE-0119,17/07/2017,10,715,268.13,0,straight_line,
FF-HRE-0120,17/07/2017,10,1040,390,0,straight_line,
FF-HRE-0121,17/07/2017,10,4160,1560,0,straight_line,
FF-HRE-0122,17/07/2017,10,3250,1218.75,0,straight_line,
FF-HRE-0123,17/07/2017,10,1560,585,0,straight_line,
FF-HRE-0124,17/07/2017,10,650,243.75,0,straight_line,
FF-HRE-0125,17/07/2017,10,2535,950.63,0,straight_line,
FF-HRE-0126,17/07/2017,10,455,170.63,0,straight_line,
FF-HRE-0127,17/07/2017,10,455,170.63,0,straight_line,
FF-HRE-0128,17/07/2017,10,3380,1267.5,0,straight_line,
FF-HRE-0129,17/07/2017,10,3640,1365,0,straight_line,
FF-HRE-0130,17/07/2017,10,1378,516.75,0,straight_line,
FF-HRE-0131,17/07/2017,10,2080,780,0,straight_line,
FF-HRE-0132,20/07/2017,10,4680,1794,0,straight_line,
FF-HRE-0133,17/07/2017,10,1235,463.13,0,straight_line,
FF-HRE-0137,13/05/2017,10,2670,956.84,0,straight_line,
FF-HRE-0138,01/08/2017,10,250,95.83,0,straight_line,
FF-HRE-0140,08/04/2018,10,355,159.75,0,straight_line,
FF-HRE-0141,08/04/2018,10,2495,1122.86,0,straight_line,
FF-HRE-0143,31/01/2018,10,1434,621.4,0,straight_line,
FF-HRE-0144,11/07/2018,10,600,285.05,0,straight_line,
FF-HRE-0145,01/11/2018,10,779,395.89,0,straight_line,
FF-HRE-0147,31/12/2018,10,6360,3339,0,straight_line,
FF-HRE-0148,31/12/2018,10,1210,635.25,0,straight_line,
FF-HRE-0149,31/12/2018,10,970,509.14,0,straight_line,
FF-HRE-0150,31/12/2018,10,5232,2746.69,0,straight_line,
FF-HRE-0151,31/12/2018,10,1297,680.93,0,straight_line,
FF-HRE-0152,31/12/2018,10,1827,959.27,0,straight_line,
FF-HRE-0153,31/12/2018,10,1087,570.5,0,straight_line,
FF-HRE-0154,31/12/2018,10,1223,641.89,0,straight_line,
FF-HRE-0155,31/12/2018,10,3272,1717.55,0,straight_line,
FF-HRE-0156,31/12/2018,10,1153,605.2,0,straight_line,
FF-HRE-0157,31/12/2018,10,1274,668.78,0,straight_line,
FF-HRE-0158,31/12/2018,10,95,49.68,0,straight_line,
FF-HRE-0159,31/12/2018,10,8952,4699.59,0,straight_line,
FF-HRE-0160,31/12/2018,10,6149,3228.18,0,straight_line,
FF-HRE-0161,31/12/2018,10,6149,3228.18,0,straight_line,
FF-HRE-0162,31/12/2018,10,7470,3921.96,0,straight_line,
FF-HRE-0163,31/12/2018,10,711,373.19,0,straight_line,
FF-HRE-0164,31/12/2018,10,80,42.19,0,straight_line,
FF-HRE-0165,31/12/2018,10,4208,2209.42,0,straight_line,
FF-HRE-0166,31/12/2018,10,3566,1872.15,0,straight_line,
FF-HRE-0167,31/12/2018,10,5047,2649.69,0,straight_line,
FF-HRE-0168,01/02/2019,10,313,166.71,0,straight_line,
FF-HRE-0169,01/02/2019,10,313,166.71,0,straight_line,
FF-HRE-0170,01/02/2019,10,313,166.71,0,straight_line,
FF-HRE-0171,01/02/2019,10,313,166.71,0,straight_line,
FF-HRE-0172,01/02/2019,10,269,143.35,0,straight_line,
FF-HRE-0173,01/02/2019,10,269,143.35,0,straight_line,
FF-HRE-0174,01/02/2019,10,269,143.35,0,straight_line,
FF-HRE-0175,01/02/2019,10,269,143.35,0,straight_line,
FF-HRE-0176,01/02/2019,10,496,264.4,0,straight_line,
FF-HRE-0177,01/02/2019,10,496,264.4,0,straight_line,
FF-HRE-0178,01/02/2019,10,496,264.4,0,straight_line,
FF-HRE-0179,01/02/2019,10,496,264.4,0,straight_line,
FF-HRE-0180,01/02/2019,10,667,355.71,0,straight_line,
FF-HRE-0181,01/04/2019,10,2014,1107.68,0,straight_line,
FF-HRE-0182,01/08/2019,10,4767,2780.75,0,straight_line,
FF-HRE-0183,01/08/2019,10,2467,1438.95,0,straight_line,
FF-HRE-0184,01/08/2019,10,1613,940.84,0,straight_line,
FF-HRE-0186,02/12/2019,10,115,70.98,0,straight_line,
FF-HRE-0187,02/12/2019,10,115,70.98,0,straight_line,
FF-HRE-0188,02/12/2019,10,115,70.98,0,straight_line,
FF-HRE-0189,02/12/2019,10,5667,3494.93,0,straight_line,
FF-HRE-0190,02/12/2019,10,712,439,0,straight_line,
FF-HRE-0191,02/12/2019,10,712,439,0,straight_line,
FF-HRE-0192,02/12/2019,10,712,439,0,straight_line,
FF-HRE-0193,02/12/2019,10,712,439,0,straight_line,
FF-HRE-0194,02/12/2019,10,437,269.3,0,straight_line,
FF-HRE-0195,29/12/2019,10,16479,10299.21,0,straight_line,
FF-HRE-0196,29/01/2020,10,2141,1355.91,0,straight_line,
FF-HRE-0198,01/01/2020,10,77,47.96,0,straight_line,
FF-HRE-0199,11/03/2020,10,156,100.19,0,straight_line,
FF-HRE-0201,15/06/2020,10,106,70.52,0,straight_line,
FF-HRE-0202,17/11/2022,10,304,275.78,0,straight_line,
FF-HRE-0203,14/06/2023,10,130,125.79,0,straight_line,
FF-HRE-0204,14/06/2023,10,130,125.79,0,straight_line,
FF-ZFX-0001,11/10/2019,10,184,110.18,0,straight_line,
FF-ZFX-0002,11/10/2019,10,184,110.18,0,straight_line,
FF-ZFX-0003,11/10/2019,10,2040,1223.96,0,straight_line,
FF-ZFX-0004,04/12/2019,10,227,140.18,0,straight_line,
FF-ZFX-0007,31/03/2020,10,464,301.65,0,straight_line,
MV-HRE-0003,10/10/2017,10,49655,24000,0,straight_line,
MV-HRE-0004 ,30/09/2018,10,41739,24000,0,straight_line,
MV-HRE-0006,04/06/2019,10,70000,21000,0,straight_line,
MV-HRE-0008,13/07/2023,5,6176,5867.15,0,straight_line,
MV-HRE-0009,13/07/2023,5,6176,5867.15,0,straight_line,
Digitisation,01/04/2024,5,9300,9300,0,straight_line,
MV-MD,01/03/2024,10,100000,100000,0,straight_line,
MV-FD,01/04/2024,10,65000,65000,0,straight_line,
MV-Sales Mgr,01/04/2024,10,65000,65000,0,straight_line,
MV-Accountant,01/01/2024,10,35000,35000,0,straight_line,
MV-Branch Pool Car 1,01/05/2024,10,10000,10000,0,straight_line,
MV-Branch Pool Car 2,01/07/2024,10,10000,10000,0,straight_line,
MV-Recoveries Vehicle,01/10/2024,10,15000,15000,0,straight_line,
CE-Laptops 1,01/01/2024,5,6000,6000,0,straight_line,
CE-Laptops 2,01/04/2024,5,1500,1500,0,straight_line,
CE-Laptops 3,01/05/2024,5,4500,4500,0,straight_line,
CE-Laptops 4,01/07/2024,5,6000,6000,0,straight_line,
CE-Laptops 5,01/10/2024,5,1500,1500,0,straight_line,
FF-DFA Tables 1,01/05/2024,10,1500,1500,0,straight_line,
FF-DFA Tables 2,01/07/2024,10,1500,1500,0,straight_line,
FF-DFA Tables 3,01/08/2024,10,1000,1000,0,straight_line,
FF-DFA Tables 4,01/10/2024,10,2000,2000,0,straight_line,
FF-Chairs 1,01/01/2024,10,240,240,0,straight_line,
FF-Chairs 2,01/04/2024,10,240,240,0,straight_line,
FF-Chairs 3,01/07/2024,10,360,360,0,straight_line,
FF-Chairs 4,01/08/2024,10,240,240,0,straight_line,
FF-Chairs 5,01/10/2024,10,600,600,0,straight_line,
FF-Desks 1 (single),01/01/2024,10,300,300,0,straight_line,
FF-Desks 2 (single),01/04/2024,10,150,150,0,straight_line,
FF-Desks 3 (single),01/05/2024,10,450,450,0,straight_line,
FF-Desks 4 (single),01/07/2024,10,450,450,0,straight_line,
FF-Desks 5 (single),01/08/2024,10,150,150,0,straight_line,
FF-Desks 6 (single),01/10/2024,10,150,150,0,straight_line,
FF-Desks 1 (workstations),01/05/2024,10,200,200,0,straight_line,
FF-Desks 2 (workstations),01/07/2024,10,200,200,0,straight_line,
FF-Desks 3 (workstations),01/10/2024,10,200,200,0,straight_line,
